elements,ElementStresses2D&3DXX_Max_GlobalSystem_f,node1,node2,node3,node4
7,-35.25,264,270,266,263
8,-34.68,270,271,267,266
9,-34.17,271,249,250,267
10,-61.97,114,115,272,265
11,-48.83,265,272,270,264
12,-61.57,115,116,273,272
13,-48.2,272,273,271,270
14,-61.08,116,117,248,273
15,-47.64,273,248,249,271
22,-34.02,109,278,274,108
23,-35.25,278,279,275,274
24,-35.76,279,264,263,275
25,-67.35,111,112,280,110
26,-48.22,110,280,278,109
27,-62.35,265,281,113,114
28,-63.27,281,280,112,113
29,-49.66,264,279,281,265
30,-50.71,279,278,280,281
67,-58.64,120,121,315,310
68,-45.61,310,315,316,309
69,-32.58,309,316,311,308
70,-57.35,239,317,122,123
71,-58,317,315,121,122
73,-44.6,240,318,317,239
75,-45.11,318,316,315,317
82,-33.73,249,323,319,250
83,-33.33,323,324,320,319
84,-32.95,324,309,308,320
85,-60.52,117,118,325,248
86,-47.13,248,325,323,249
87,-59.91,118,119,326,325
88,-46.62,325,326,324,323
89,-59.28,119,120,310,326
90,-46.11,326,310,309,324
127,-30.42,363,369,365,362
128,-30.06,369,370,366,365
129,-29.7,370,348,349,366
130,-54.76,126,127,371,364
131,-42.59,364,371,369,363
132,-54.11,127,128,372,371
133,-42.08,371,372,370,369
134,-53.46,128,129,347,372
135,-41.58,372,347,348,370
142,-31.5,240,377,373,241
143,-31.14,377,378,374,373
144,-30.78,378,363,362,374
145,-56.7,123,124,379,239
146,-44.1,239,379,377,240
147,-55.4,364,380,125,126
148,-56.05,380,379,124,125
149,-43.09,363,378,380,364
150,-43.6,378,377,379,380
187,-27.9,409,415,411,408
188,-27.54,415,416,412,411
189,-27.18,416,231,232,412
190,-50.22,133,134,417,410
191,-39.06,410,417,415,409
192,-49.57,134,135,418,417
193,-38.56,417,418,416,415
194,-48.92,135,136,230,418
195,-38.05,418,230,231,416
204,-52.16,425,427,130,131
205,-52.81,427,347,129,130
206,-40.57,426,428,427,425
207,-41.08,428,348,347,427
210,-50.87,410,429,132,133
211,-51.52,429,425,131,132
213,-39.56,409,430,429,410
215,-40.07,430,426,425,429
272,-26.82,231,494,490,232
275,-48.28,136,137,496,230
276,-37.55,230,496,494,231
1,-21.25,263,266,268,262
2,-7.08,262,268,258,259
3,-20.92,266,267,269,268
4,-7,268,269,257,258
5,-20.58,267,250,251,269
6,-6.87,269,251,252,257
16,-20.24,108,274,276,107
17,-6.72,107,276,261,106
18,-20.98,274,275,277,276
19,-6.97,276,277,260,261
20,-21.31,275,263,262,277
21,-7.09,277,262,259,260
40,7.08,259,258,292,285
55,6.72,106,261,300,105
57,6.97,261,260,301,300
59,7.09,260,259,285,301
61,-19.55,308,311,313,307
62,-6.52,307,313,303,304
63,-19.12,242,314,312,241
64,-19.33,314,313,311,312
65,-6.37,243,302,314,242
66,-6.44,302,303,313,314
72,-31.86,241,312,318,240
74,-32.22,312,311,316,318
76,-20.28,250,319,321,251
77,-6.77,251,321,306,252
78,-19.78,307,322,320,308
79,-20.02,322,321,319,320
80,-6.59,304,305,322,307
81,-6.68,305,306,321,322
100,6.52,304,303,337,330
115,6.77,252,306,345,253
121,-18.25,362,365,367,361
122,-6.08,361,367,357,358
123,-17.82,350,368,366,349
124,-18.04,368,367,365,366
125,-5.94,351,356,368,350
126,-6.01,356,357,367,368
136,-18.9,241,373,375,242
137,-6.3,242,375,360,243
138,-18.68,373,374,376,375
139,-6.23,375,376,359,360
140,-18.47,374,362,361,376
141,-6.16,376,361,358,359
160,6.08,358,357,391,384
175,6.3,243,360,399,244
177,6.23,360,359,400,399
179,6.16,359,358,384,400
181,-16.74,408,411,413,407
182,-5.58,407,413,402,403
183,-16.52,411,412,414,413
184,-5.51,413,414,401,402
185,-16.31,412,232,233,414
186,-5.44,414,233,234,401
196,-17.39,422,423,419,420
197,-17.6,423,350,349,419
198,-5.8,405,406,423,422
199,-5.87,406,351,350,423
200,-17.17,420,421,424,422
201,-5.72,422,424,404,405
202,-16.96,421,408,407,424
203,-5.65,424,407,403,404
208,-28.98,420,419,428,426
209,-29.34,419,349,348,428
212,-28.26,408,421,430,409
214,-28.62,421,420,426,430
225,5.58,403,402,441,434
266,-16.09,232,490,492,233
267,-5.36,233,492,477,234
305,5.36,234,477,516,235
257,-25.74,480,486,482,479
258,-25.38,486,487,483,482
259,-25.02,487,465,466,483
260,-46.33,139,140,488,481
261,-36.04,481,488,486,480
262,-45.68,140,141,489,488
263,-35.53,488,489,487,486
264,-45.04,141,142,464,489
265,-35.03,489,464,465,487
273,-26.46,494,495,491,490
274,-26.1,495,480,479,491
277,-46.98,481,497,138,139
278,-47.63,497,496,137,138
279,-36.54,480,495,497,481
280,-37.04,495,494,496,497
317,-42.44,145,146,531,526
318,-33.01,526,531,532,525
319,-23.58,525,532,527,524
320,-41.15,455,533,147,148
321,-41.8,533,531,146,147
323,-32,456,534,533,455
325,-32.51,534,532,531,533
332,-24.66,465,539,535,466
333,-24.3,539,540,536,535
334,-23.94,540,525,524,536
335,-44.39,142,143,541,464
336,-34.52,464,541,539,465
337,-43.74,143,144,542,541
338,-34.02,541,542,540,539
339,-43.09,144,145,526,542
340,-33.52,542,526,525,540
377,-38.56,151,152,585,580
378,-29.99,580,585,586,579
379,-21.42,579,586,581,578
380,-37.26,563,587,153,154
381,-37.91,587,585,152,153
383,-28.98,564,588,587,563
385,-29.48,588,586,585,587
392,-40.5,148,149,593,455
393,-31.5,455,593,594,456
394,-22.5,456,594,589,457
395,-39.2,580,595,150,151
396,-39.85,595,593,149,150
398,-30.49,579,596,595,580
400,-31,596,594,593,595
437,-34.02,158,159,631,626
438,-26.46,626,631,632,625
439,-18.9,625,632,627,624
440,-32.72,221,633,160,161
441,-33.37,633,631,159,160
443,-25.45,222,634,633,221
445,-25.96,634,632,631,633
454,-35.96,641,643,155,156
455,-36.61,643,563,154,155
456,-27.97,642,644,643,641
457,-28.48,644,564,563,643
460,-34.67,626,645,157,158
461,-35.32,645,641,156,157
463,-26.96,625,646,645,626
465,-27.47,646,642,641,645
522,-32.08,161,162,719,221
523,-24.95,221,719,720,222
524,-17.82,222,720,715,223
251,-15.44,479,482,484,478
252,-5.15,478,484,474,475
253,-15.23,482,483,485,484
254,-5.08,484,485,473,474
255,-15.01,483,466,467,485
256,-5,485,467,468,473
268,-15.88,490,491,493,492
269,-5.29,492,493,476,477
270,-15.66,491,479,478,493
271,-5.22,493,478,475,476
290,5.15,475,474,508,501
307,5.29,477,476,517,516
309,5.22,476,475,501,517
311,-14.15,524,527,529,523
312,-4.72,523,529,519,520
313,-13.72,458,530,528,457
314,-13.93,530,529,527,528
315,-4.57,459,518,530,458
316,-4.64,518,519,529,530
322,-22.86,457,528,534,456
324,-23.22,528,527,532,534
326,-14.8,466,535,537,467
327,-4.93,467,537,522,468
328,-14.58,535,536,538,537
329,-4.86,537,538,521,522
330,-14.36,536,524,523,538
331,-4.79,538,523,520,521
350,4.72,520,519,553,546
365,4.93,468,522,561,469
371,-12.85,578,581,583,577
372,-4.28,577,583,573,574
373,-12.64,581,582,584,583
374,-4.21,583,584,572,573
375,-12.42,582,565,566,584
376,-4.14,584,566,567,572
382,-20.7,565,582,588,564
384,-21.06,582,581,586,588
386,-13.5,457,589,591,458
387,-4.5,458,591,576,459
388,-13.28,589,590,592,591
389,-4.43,591,592,575,576
390,-13.07,590,578,577,592
391,-4.36,592,577,574,575
397,-21.78,578,590,596,579
399,-22.14,590,589,594,596
410,4.28,574,573,607,600
425,4.5,459,576,615,460
427,4.43,576,575,616,615
429,4.36,575,574,600,616
431,-11.34,624,627,629,623
432,-3.78,623,629,618,619
433,-11.12,627,628,630,629
434,-3.71,629,630,617,618
435,-10.91,628,223,224,630
436,-3.64,630,224,225,617
442,-18.18,223,628,634,222
444,-18.54,628,627,632,634
446,-11.99,638,639,635,636
447,-12.2,639,566,565,635
448,-4,621,622,639,638
449,-4.07,622,567,566,639
450,-11.77,636,637,640,638
451,-3.92,638,640,620,621
452,-11.56,637,624,623,640
453,-3.85,640,623,619,620
458,-19.98,636,635,644,642
459,-20.34,635,565,564,644
462,-19.26,624,637,646,625
464,-19.62,637,636,642,646
475,3.78,619,618,657,650
516,-10.69,223,715,717,224
517,-3.56,224,717,702,225
555,3.56,225,702,741,226
37,35.25,284,290,286,283
38,34.68,290,291,287,286
39,34.17,291,254,255,287
41,21.25,285,292,290,284
42,6.87,253,293,257,252
43,7,293,292,258,257
44,20.58,254,291,293,253
45,20.92,291,290,292,293
52,34.02,104,298,294,103
53,35.25,298,299,295,294
54,35.76,299,284,283,295
56,20.24,105,300,298,104
58,20.98,300,301,299,298
60,21.31,301,285,284,299
97,32.58,329,335,331,328
98,32.22,335,336,332,331
99,31.86,336,245,246,332
101,19.55,330,337,335,329
102,6.37,244,338,302,243
103,6.44,338,337,303,302
104,19.12,245,336,338,244
105,19.33,336,335,337,338
112,33.73,254,343,339,255
113,33.33,343,344,340,339
114,32.95,344,329,328,340
116,20.28,253,345,343,254
117,6.59,330,346,305,304
118,6.68,346,345,306,305
119,19.78,329,344,346,330
120,20.02,344,343,345,346
157,30.42,383,389,385,382
158,30.06,389,390,386,385
159,29.7,390,353,354,386
161,18.25,384,391,389,383
162,5.94,352,392,356,351
163,6.01,392,391,357,356
164,17.82,353,390,392,352
165,18.04,390,389,391,392
172,31.5,245,397,393,246
173,31.14,397,398,394,393
174,30.78,398,383,382,394
176,18.9,244,399,397,245
178,18.68,399,400,398,397
180,18.47,400,384,383,398
222,27.9,433,439,435,432
223,27.54,439,440,436,435
224,27.18,440,236,237,436
226,16.74,434,441,439,433
227,5.44,235,442,401,234
228,5.51,442,441,402,401
229,16.31,236,440,442,235
230,16.52,440,439,441,442
239,5.8,449,451,406,405
240,5.87,451,352,351,406
241,17.39,450,452,451,449
242,17.6,452,353,352,451
245,5.65,434,453,404,403
246,5.72,453,449,405,404
247,16.96,433,454,453,434
248,17.17,454,450,449,453
302,26.82,236,514,510,237
306,16.09,235,516,514,236
31,48.83,283,286,288,282
32,61.97,282,288,97,98
33,48.2,286,287,289,288
34,61.57,288,289,96,97
35,47.64,287,255,256,289
36,61.08,289,256,95,96
46,48.22,103,294,296,102
47,67.35,102,296,100,101
48,50.71,294,295,297,296
49,63.27,296,297,99,100
50,49.66,295,283,282,297
51,62.35,297,282,98,99
91,45.61,328,331,333,327
92,58.64,327,333,91,92
93,45.11,331,332,334,333
94,58,333,334,90,91
95,44.6,332,246,247,334
96,57.35,334,247,89,90
106,47.13,255,339,341,256
107,60.52,256,341,94,95
108,46.11,327,342,340,328
109,46.62,342,341,339,340
110,59.28,92,93,342,327
111,59.91,93,94,341,342
151,42.59,382,385,387,381
152,54.76,381,387,85,86
153,41.58,355,388,386,354
154,42.08,388,387,385,386
155,53.46,83,84,388,355
156,54.11,84,85,387,388
166,44.1,246,393,395,247
167,56.7,247,395,88,89
168,43.6,393,394,396,395
169,56.05,395,396,87,88
170,43.09,394,382,381,396
171,55.4,396,381,86,87
216,39.06,432,435,437,431
217,50.22,431,437,78,79
218,38.56,435,436,438,437
219,49.57,437,438,77,78
220,38.05,436,237,238,438
221,48.92,438,238,76,77
231,41.08,354,443,447,355
232,52.81,355,447,82,83
233,40.57,443,444,446,447
234,52.16,447,446,81,82
235,39.56,431,448,445,432
236,40.07,448,446,444,445
237,50.87,79,80,448,431
238,51.52,80,81,446,448
243,28.98,444,443,452,450
244,29.34,443,354,353,452
249,28.26,432,445,454,433
250,28.62,445,444,450,454
296,37.55,237,510,512,238
297,48.28,238,512,75,76
287,25.74,500,506,502,499
288,25.38,506,507,503,502
289,25.02,507,470,471,503
291,15.44,501,508,506,500
292,5,469,509,473,468
293,5.08,509,508,474,473
294,15.01,470,507,509,469
295,15.23,507,506,508,509
303,26.46,514,515,511,510
304,26.1,515,500,499,511
308,15.88,516,517,515,514
310,15.66,517,501,500,515
347,23.58,545,551,547,544
348,23.22,551,552,548,547
349,22.86,552,461,462,548
351,14.15,546,553,551,545
352,4.57,460,554,518,459
353,4.64,554,553,519,518
354,13.72,461,552,554,460
355,13.93,552,551,553,554
362,24.66,470,559,555,471
363,24.3,559,560,556,555
364,23.94,560,545,544,556
366,14.8,469,561,559,470
367,4.79,546,562,521,520
368,4.86,562,561,522,521
369,14.36,545,560,562,546
370,14.58,560,559,561,562
407,21.42,599,605,601,598
408,21.06,605,606,602,601
409,20.7,606,569,570,602
411,12.85,600,607,605,599
412,4.14,568,608,572,567
413,4.21,608,607,573,572
414,12.42,569,606,608,568
415,12.64,606,605,607,608
422,22.5,461,613,609,462
423,22.14,613,614,610,609
424,21.78,614,599,598,610
426,13.5,460,615,613,461
428,13.28,615,616,614,613
430,13.07,616,600,599,614
472,18.9,649,655,651,648
473,18.54,655,656,652,651
474,18.18,656,227,228,652
476,11.34,650,657,655,649
477,3.64,226,658,617,225
478,3.71,658,657,618,617
479,10.91,227,656,658,226
480,11.12,656,655,657,658
489,4,665,667,622,621
490,4.07,667,568,567,622
492,11.99,666,668,667,665
494,12.2,668,569,568,667
495,3.85,650,669,620,619
496,3.92,669,665,621,620
497,11.56,649,670,669,650
498,11.77,670,666,665,669
552,17.82,227,739,735,228
556,10.69,226,741,739,227
281,36.04,499,502,504,498
282,46.33,498,504,72,73
283,35.53,502,503,505,504
284,45.68,504,505,71,72
285,35.03,503,471,472,505
286,45.04,505,472,70,71
298,37.04,510,511,513,512
299,47.63,512,513,74,75
300,36.54,511,499,498,513
301,46.98,513,498,73,74
341,33.01,544,547,549,543
342,42.44,543,549,66,67
343,32,463,550,548,462
344,32.51,550,549,547,548
345,41.15,64,65,550,463
346,41.8,65,66,549,550
356,34.52,471,555,557,472
357,44.39,472,557,69,70
358,34.02,555,556,558,557
359,43.74,557,558,68,69
360,33.52,556,544,543,558
361,43.09,558,543,67,68
401,29.99,598,601,603,597
402,38.56,597,603,60,61
403,29.48,601,602,604,603
404,37.91,603,604,59,60
405,28.98,602,570,571,604
406,37.26,604,571,58,59
416,31.5,462,609,611,463
417,40.5,463,611,63,64
418,31,609,610,612,611
419,39.85,611,612,62,63
420,30.49,610,598,597,612
421,39.2,612,597,61,62
466,26.46,648,651,653,647
467,34.02,647,653,53,54
468,25.96,651,652,654,653
469,33.37,653,654,52,53
470,25.45,652,228,229,654
471,32.72,654,229,51,52
481,28.48,570,659,663,571
482,36.61,571,663,57,58
483,27.97,659,660,662,663
484,35.96,663,662,56,57
485,27.47,660,661,664,662
486,35.32,662,664,55,56
487,26.96,661,648,647,664
488,34.67,664,647,54,55
491,19.98,660,659,668,666
493,20.34,659,570,569,668
499,19.26,648,661,670,649
500,19.62,661,660,666,670
546,24.95,228,735,737,229
547,32.08,229,737,50,51
507,-30.13,164,165,711,706
508,-23.44,706,711,712,705
509,-16.74,705,712,707,704
510,-28.84,689,713,166,167
511,-29.48,713,711,165,166
512,-22.43,690,714,713,689
513,-22.93,714,712,711,713
525,-30.78,706,721,163,164
526,-31.43,721,719,162,163
528,-23.94,705,722,721,706
530,-24.44,722,720,719,721
567,-14.58,750,756,752,749
568,-14.22,756,757,753,752
569,-13.86,757,681,682,753
570,-26.24,170,171,758,751
571,-20.41,751,758,756,750
572,-24.95,680,759,172,173
573,-25.6,759,758,171,172
574,-19.4,681,757,759,680
575,-19.91,757,756,758,759
582,-15.66,690,764,760,691
583,-15.3,764,765,761,760
584,-14.94,765,750,749,761
585,-28.19,167,168,766,689
586,-21.92,689,766,764,690
587,-26.89,751,767,169,170
588,-27.54,767,766,168,169
589,-20.92,750,765,767,751
590,-21.42,765,764,766,767
627,-12.42,804,810,806,803
628,-12.06,810,811,807,806
629,-11.7,811,789,790,807
630,-22.36,176,177,812,805
631,-17.39,805,812,810,804
632,-21.06,788,813,178,179
633,-21.71,813,812,177,178
634,-16.38,789,811,813,788
635,-16.88,811,810,812,813
642,-24.3,173,174,818,680
643,-18.9,680,818,819,681
644,-13.5,681,819,814,682
645,-23,805,820,175,176
646,-23.65,820,818,174,175
648,-17.89,804,821,820,805
650,-18.4,821,819,818,820
687,-17.82,183,184,856,851
688,-13.86,851,856,857,850
689,-9.9,850,857,852,849
690,-16.52,671,858,185,186
691,-17.17,858,856,184,185
692,-12.85,672,859,858,671
693,-13.36,859,857,856,858
704,-19.76,866,868,180,181
705,-20.41,868,788,179,180
706,-15.37,867,869,868,866
707,-15.88,869,789,788,868
710,-18.47,851,870,182,183
711,-19.12,870,866,181,182
713,-14.36,850,871,870,851
715,-14.87,871,867,866,870
772,-8.82,672,935,931,673
775,-15.88,186,187,937,671
776,-12.35,671,937,935,672
501,-10.04,704,707,709,703
502,-3.35,703,709,699,700
503,-9.83,707,708,710,709
504,-3.28,709,710,698,699
505,-9.61,708,691,692,710
506,-3.2,710,692,693,698
514,-16.02,691,708,714,690
515,-16.38,708,707,712,714
518,-10.48,715,716,718,717
519,-3.49,717,718,701,702
520,-10.26,716,704,703,718
521,-3.42,718,703,700,701
527,-17.1,704,716,722,705
529,-17.46,716,715,720,722
537,3.35,700,699,731,726
557,3.49,702,701,742,741
559,3.42,701,700,726,742
561,-8.75,749,752,754,748
562,-2.92,748,754,744,745
563,-8.32,683,755,753,682
564,-8.53,755,754,752,753
565,-2.77,684,743,755,683
566,-2.84,743,744,754,755
576,-9.4,691,760,762,692
577,-3.13,692,762,747,693
578,-9.18,760,761,763,762
579,-3.06,762,763,746,747
580,-8.96,761,749,748,763
581,-2.99,763,748,745,746
600,2.92,745,744,778,771
615,3.13,693,747,786,694
617,3.06,747,746,787,786
619,2.99,746,745,771,787
621,-7.45,803,806,808,802
622,-2.48,802,808,798,799
623,-7.24,806,807,809,808
624,-2.41,808,809,797,798
625,-7.02,807,790,791,809
626,-2.34,809,791,792,797
636,-8.1,682,814,816,683
637,-2.7,683,816,801,684
638,-7.88,814,815,817,816
639,-2.63,816,817,800,801
640,-7.67,815,803,802,817
641,-2.56,817,802,799,800
647,-12.78,803,815,821,804
649,-13.14,815,814,819,821
660,2.48,799,798,832,825
675,2.7,684,801,840,685
677,2.63,801,800,841,840
679,2.56,800,799,825,841
681,-5.94,849,852,854,848
682,-1.98,848,854,843,844
683,-5.72,852,853,855,854
684,-1.91,854,855,842,843
685,-5.51,853,673,674,855
686,-1.84,855,674,675,842
694,-9.18,673,853,859,672
695,-9.54,853,852,857,859
696,-6.8,790,860,864,791
697,-2.27,791,864,847,792
698,-6.59,860,861,863,864
699,-2.2,864,863,846,847
700,-6.16,848,865,862,849
701,-6.37,865,863,861,862
702,-2.05,844,845,865,848
703,-2.12,845,846,863,865
708,-10.98,861,860,869,867
709,-11.34,860,790,789,869
712,-10.26,849,862,871,850
714,-10.62,862,861,867,871
725,1.98,844,843,882,875
766,-5.29,673,931,933,674
767,-1.76,674,933,918,675
805,1.76,675,918,957,676
757,-7.74,921,927,923,920
758,-7.38,927,928,924,923
759,-7.02,928,906,907,924
760,-13.93,189,190,929,922
761,-10.84,922,929,927,921
762,-12.64,905,930,191,192
763,-13.29,930,929,190,191
764,-9.83,906,928,930,905
765,-10.33,928,927,929,930
773,-8.46,935,936,932,931
774,-8.1,936,921,920,932
777,-14.58,922,938,188,189
778,-15.23,938,937,187,188
779,-11.34,921,936,938,922
780,-11.84,936,935,937,938
817,-5.58,966,972,968,965
818,-5.22,972,973,969,968
819,-4.86,973,897,898,969
820,-10.05,195,196,974,967
821,-7.81,967,974,972,966
822,-8.75,896,975,197,198
823,-9.4,975,974,196,197
824,-6.8,897,973,975,896
825,-7.31,973,972,974,975
832,-11.99,192,193,980,905
833,-9.33,905,980,981,906
834,-6.66,906,981,976,907
835,-10.7,967,982,194,195
836,-11.34,982,980,193,194
838,-8.32,966,983,982,967
840,-8.82,983,981,980,982
877,-6.07,201,202,1026,1021
878,-4.73,1021,1026,1027,1020
879,-3.42,1020,1027,1022,1019
880,-4.59,1004,1028,203,204
881,-5.34,1028,1026,202,203
882,-3.63,1005,1029,1028,1004
883,-4.19,1029,1027,1026,1028
892,-4.5,897,1034,1030,898
893,-4.14,1034,1035,1031,1030
894,-3.78,1035,1020,1019,1031
895,-8.1,198,199,1036,896
896,-6.29,896,1036,1034,897
897,-6.76,1021,1037,200,201
898,-7.43,1037,1036,199,200
899,-5.26,1020,1035,1037,1021
900,-5.78,1035,1034,1036,1037
937,-0.74,1066,1072,1068,1065
938,-0.34,1072,1073,1069,1068
939,-0.08,1073,213,214,1069
940,-0.67,208,209,1074,1067
941,-0.8,1067,1074,1072,1066
942,-0.22,209,210,1075,1074
943,-0.36,1074,1075,1073,1072
944,-0.03,210,211,212,1075
945,-0.08,1075,212,213,1073
954,-2.96,1082,1084,205,206
955,-3.79,1084,1004,204,205
956,-2.48,1083,1085,1084,1082
957,-3.06,1085,1005,1004,1084
960,-1.34,1067,1086,207,208
961,-2.13,1086,1082,206,207
963,-1.32,1066,1087,1086,1067
965,-1.89,1087,1083,1082,1086
751,-4.64,920,923,925,919
752,-1.55,919,925,915,916
753,-4.21,908,926,924,907
754,-4.43,926,925,923,924
755,-1.4,909,914,926,908
756,-1.47,914,915,925,926
768,-5.08,931,932,934,933
769,-1.69,933,934,917,918
770,-4.86,932,920,919,934
771,-1.62,934,919,916,917
790,1.55,916,915,949,942
811,-3.35,965,968,970,964
812,-1.11,964,970,960,961
813,-2.92,899,971,969,898
814,-3.13,971,970,968,969
815,-0.97,900,959,971,899
816,-1.04,959,960,970,971
826,-3.99,907,976,978,908
827,-1.33,908,978,963,909
828,-3.78,976,977,979,978
829,-1.26,978,979,962,963
830,-3.56,977,965,964,979
831,-1.18,979,964,961,962
837,-5.94,965,977,983,966
839,-6.3,977,976,981,983
850,1.12,961,960,994,987
865,1.33,909,963,1002,910
871,-2.11,1019,1022,1024,1018
872,-0.78,1018,1024,1014,1015
873,-1.77,1007,1025,1023,1006
874,-1.93,1025,1024,1022,1023
875,-0.78,1008,1013,1025,1007
876,-0.76,1013,1014,1024,1025
884,-2.71,1006,1023,1029,1005
885,-3.06,1023,1022,1027,1029
886,-2.7,898,1030,1032,899
887,-0.91,899,1032,1017,900
888,-2.5,1030,1031,1033,1032
889,-0.85,1032,1033,1016,1017
890,-2.3,1031,1019,1018,1033
891,-0.81,1033,1018,1015,1016
907,0.59,1015,1014,1046,1041
925,0.89,900,1017,1056,901
927,0.8,1017,1016,1057,1056
929,0.71,1016,1015,1041,1057
931,-0.64,1065,1068,1070,1064
932,-0.58,1064,1070,1059,1060
933,-0.3,1068,1069,1071,1070
934,-0.29,1070,1071,1058,1059
935,-0.07,1069,214,215,1071
936,-0.07,1071,215,216,1058
946,-1.61,1006,1076,1080,1007
947,-0.82,1007,1080,1063,1008
948,-1.44,1076,1077,1079,1080
949,-0.86,1080,1079,1062,1063
950,-0.97,1064,1081,1078,1065
951,-1.24,1081,1079,1077,1078
952,-0.79,1060,1061,1081,1064
953,-0.87,1061,1062,1079,1081
958,-1.97,1077,1076,1085,1083
959,-2.35,1076,1006,1005,1085
962,-1.17,1065,1078,1087,1066
964,-1.58,1078,1077,1083,1087
975,-0.59,1060,1059,1098,1091
977,-0.35,1059,1058,1099,1098
979,-0.09,1058,216,217,1099
538,10.04,726,731,732,725
539,16.74,725,732,727,724
540,3.2,694,733,698,693
541,3.28,733,731,699,698
543,9.61,695,734,733,694
545,9.83,734,732,731,733
553,17.46,739,740,736,735
554,17.1,740,725,724,736
558,10.48,741,742,740,739
560,10.26,742,726,725,740
597,14.58,770,776,772,769
598,14.22,776,777,773,772
599,13.86,777,686,687,773
601,8.75,771,778,776,770
602,2.77,685,779,743,684
603,2.84,779,778,744,743
604,8.32,686,777,779,685
605,8.53,777,776,778,779
612,15.66,695,784,780,696
613,15.3,784,785,781,780
614,14.94,785,770,769,781
616,9.4,694,786,784,695
618,9.18,786,787,785,784
620,8.96,787,771,770,785
657,12.42,824,830,826,823
658,12.06,830,831,827,826
659,11.7,831,794,795,827
661,7.45,825,832,830,824
662,2.34,793,833,797,792
663,2.41,833,832,798,797
664,7.02,794,831,833,793
665,7.24,831,830,832,833
672,13.5,686,838,834,687
673,13.14,838,839,835,834
674,12.78,839,824,823,835
676,8.1,685,840,838,686
678,7.88,840,841,839,838
680,7.67,841,825,824,839
722,9.9,874,880,876,873
723,9.54,880,881,877,876
724,9.18,881,677,678,877
726,5.94,875,882,880,874
727,1.84,676,883,842,675
728,1.91,883,882,843,842
729,5.51,677,881,883,676
730,5.72,881,880,882,883
739,2.2,890,892,847,846
740,2.27,892,793,792,847
741,6.59,891,893,892,890
742,6.8,893,794,793,892
745,2.05,875,894,845,844
746,2.12,894,890,846,845
747,6.16,874,895,894,875
748,6.37,895,891,890,894
802,8.82,677,955,951,678
806,5.29,676,957,955,677
531,23.44,724,727,729,723
532,30.13,723,729,47,48
533,22.93,727,728,730,729
534,29.48,729,730,46,47
535,22.43,728,696,697,730
536,28.84,730,697,45,46
542,16.02,696,728,734,695
544,16.38,728,727,732,734
548,24.44,735,736,738,737
549,31.43,737,738,49,50
550,23.94,736,724,723,738
551,30.78,738,723,48,49
591,20.41,769,772,774,768
592,26.24,768,774,41,42
593,19.91,772,773,775,774
594,25.6,774,775,40,41
595,19.4,773,687,688,775
596,24.95,775,688,39,40
606,21.92,696,780,782,697
607,28.19,697,782,44,45
608,20.92,768,783,781,769
609,21.42,783,782,780,781
610,26.89,42,43,783,768
611,27.54,43,44,782,783
651,17.39,823,826,828,822
652,22.36,822,828,35,36
653,16.88,826,827,829,828
654,21.71,828,829,34,35
655,16.38,827,795,796,829
656,21.06,829,796,33,34
666,18.9,687,834,836,688
667,24.3,688,836,38,39
668,18.4,834,835,837,836
669,23.65,836,837,37,38
670,17.89,835,823,822,837
671,23,837,822,36,37
716,13.86,873,876,878,872
717,17.82,872,878,28,29
718,12.85,679,879,877,678
719,13.36,879,878,876,877
720,16.52,26,27,879,679
721,17.17,27,28,878,879
731,15.37,887,888,884,885
732,15.88,888,796,795,884
733,19.76,31,32,888,887
734,20.41,32,33,796,888
735,14.87,885,886,889,887
736,19.12,887,889,30,31
737,14.36,886,873,872,889
738,18.47,889,872,29,30
743,10.98,885,884,893,891
744,11.34,884,795,794,893
749,10.26,873,886,895,874
750,10.62,886,885,891,895
796,12.35,678,951,953,679
797,15.88,679,953,25,26
787,7.74,941,947,943,940
788,7.38,947,948,944,943
789,7.02,948,911,912,944
791,4.64,942,949,947,941
792,1.41,910,950,914,909
793,1.48,950,949,915,914
794,4.21,911,948,950,910
795,4.43,948,947,949,950
803,8.46,955,956,952,951
804,8.1,956,941,940,952
807,1.62,942,958,917,916
808,1.69,958,957,918,917
809,4.86,941,956,958,942
810,5.08,956,955,957,958
847,5.58,986,992,988,985
848,5.22,992,993,989,988
849,4.86,993,902,903,989
851,3.35,987,994,992,986
852,0.97,901,995,959,900
853,1.05,995,994,960,959
854,2.92,902,993,995,901
855,3.13,993,992,994,995
862,6.66,911,1000,996,912
863,6.3,1000,1001,997,996
864,5.94,1001,986,985,997
866,4,910,1002,1000,911
867,1.19,987,1003,962,961
868,1.26,1003,1002,963,962
869,3.57,986,1001,1003,987
870,3.78,1001,1000,1002,1003
908,1.99,1041,1046,1047,1040
909,3.42,1040,1047,1042,1039
910,0.28,1009,1048,1013,1008
911,0.45,1048,1046,1014,1013
913,1.43,1010,1049,1048,1009
915,1.73,1049,1047,1046,1048
922,4.5,902,1054,1050,903
923,4.14,1054,1055,1051,1050
924,3.78,1055,1040,1039,1051
926,2.7,901,1056,1054,902
928,2.47,1056,1057,1055,1054
930,2.24,1057,1041,1040,1055
972,-0.76,1090,1096,1092,1089
973,-1.03,1096,1097,1093,1092
974,-0.3,1097,218,219,1093
976,-0.7,1091,1098,1096,1090
978,-0.52,1098,1099,1097,1096
980,-0.15,1099,217,218,1097
989,-0.18,1106,1108,1063,1062
990,0.07,1108,1009,1008,1063
991,0.68,1107,1109,1108,1106
992,1.09,1109,1010,1009,1108
995,-0.62,1091,1110,1061,1060
996,-0.45,1110,1106,1062,1061
997,-0.39,1090,1111,1110,1091
998,0.19,1111,1107,1106,1110
781,10.84,940,943,945,939
782,13.93,939,945,22,23
783,10.33,943,944,946,945
784,13.28,945,946,21,22
785,9.83,944,912,913,946
786,12.63,946,913,20,21
798,11.34,939,954,952,940
799,11.84,954,953,951,952
800,14.58,23,24,954,939
801,15.23,24,25,953,954
841,7.81,985,988,990,984
842,10.04,984,990,16,17
843,7.31,988,989,991,990
844,9.39,990,991,15,16
845,6.81,989,903,904,991
846,8.74,991,904,14,15
856,9.32,912,996,998,913
857,11.99,913,998,19,20
858,8.31,984,999,997,985
859,8.82,999,998,996,997
860,10.69,17,18,999,984
861,11.34,18,19,998,999
901,4.85,1039,1042,1044,1038
902,6.25,1038,1044,10,11
903,4.38,1042,1043,1045,1044
904,5.68,1044,1045,9,10
905,3.93,1043,1011,1012,1045
906,5.16,1045,1012,8,9
912,2.66,1011,1043,1049,1010
914,3.05,1043,1042,1047,1049
916,6.31,903,1050,1052,904
917,8.1,904,1052,13,14
918,5.33,1038,1053,1051,1039
919,5.81,1053,1052,1050,1051
920,6.85,11,12,1053,1038
921,7.47,12,13,1052,1053
966,0.97,1089,1092,1094,1088
967,4.51,1088,1094,3,4
968,-1.48,220,1095,1093,219
969,-1.54,1095,1094,1092,1093
970,2.34,1,2,1095,220
971,4.96,2,3,1094,1095
981,3.07,1103,1104,1100,1101
982,3.5,1104,1012,1011,1100
983,4.37,6,7,1104,1103
984,4.71,7,8,1012,1104
985,2.6,1101,1102,1105,1103
986,4.18,1103,1105,5,6
987,2.01,1102,1089,1088,1105
988,4.2,1105,1088,4,5
993,1.78,1101,1100,1109,1107
994,2.25,1100,1011,1010,1109
999,0.39,1089,1102,1111,1090
1000,1.19,1102,1101,1107,1111
